Observer,Assemblage,PU1,PU2,PU3,PU4,PU5,PU6,PU7,PU8,PU9,PU10,PU11,PU12,PU13,PU14,PU15,PU16,PU17,PU18,PU19,PU20,PU21,PU22,PU23,PU24,PU25,PU26,PU27,PU28,PU29,PU30,PU31,PU32,PU33,Ass_total
1,1,0,1,1,0,1,0,1,1,0,1,1,1,0,1,1,1,1,0,1,0,1,1,0,0,0,1,1,1,1,1,0,1,1,22
1,2,1,1,0,1,1,0,1,1,1,1,1,1,1,1,1,1,1,1,1,0,1,1,0,1,1,1,1,1,1,0,0,1,1,27
1,3,0,1,1,1,1,0,0,1,1,1,0,1,0,1,1,1,1,1,1,1,1,1,0,0,1,1,1,1,1,0,0,1,1,24
1,4,0,1,1,0,1,0,1,1,0,1,1,1,1,1,1,1,1,1,1,1,1,1,1,0,1,1,1,1,1,1,0,0,1,26
1,5,1,1,0,1,0,0,1,1,1,1,0,1,1,1,1,1,1,0,1,0,1,1,0,1,0,1,1,1,1,0,0,1,1,23
2,1,0,1,1,0,1,0,1,1,1,1,1,1,0,1,1,1,1,0,1,0,1,1,0,0,0,1,1,1,1,1,0,0,1,22
2,2,1,1,0,1,1,0,1,1,1,1,1,1,1,1,1,1,1,0,1,0,1,1,0,1,1,1,1,1,1,0,0,1,1,26
2,3,0,1,1,1,1,0,1,1,1,1,0,1,0,1,1,1,1,0,1,0,1,1,0,0,1,1,1,1,1,0,0,1,1,23
2,4,0,1,1,0,1,0,1,1,0,1,1,1,1,1,1,1,1,0,1,0,1,1,1,0,1,1,1,1,1,1,0,0,1,24
2,5,1,1,0,1,0,0,1,1,1,1,0,1,1,1,1,1,1,0,1,0,1,1,0,1,0,1,1,1,1,0,0,1,1,23
3,1,0,1,1,0,1,0,1,0,1,1,1,1,0,1,1,1,1,0,1,1,1,1,0,0,0,1,1,1,1,1,0,1,1,23
3,2,1,1,0,1,1,0,1,1,1,1,1,1,1,1,1,1,1,0,1,0,1,1,0,1,1,1,1,1,1,0,0,1,1,26
3,3,0,1,1,1,0,0,1,1,1,1,0,1,0,1,1,1,1,0,1,1,1,1,1,1,1,1,1,1,1,0,0,1,1,25
3,4,0,1,1,0,1,0,0,0,1,1,1,1,1,1,1,1,1,0,1,1,1,1,1,0,1,1,1,1,0,1,0,0,0,22
3,5,1,1,0,1,0,0,1,1,1,1,0,1,1,1,1,1,1,0,1,0,1,1,0,1,0,1,1,1,1,0,0,1,1,23
4,1,0,1,1,0,1,0,1,1,0,1,1,1,0,1,1,1,1,0,1,0,1,1,0,0,0,1,1,1,1,1,0,1,1,22
4,2,1,1,0,1,1,0,1,1,1,1,1,1,1,1,1,1,1,0,1,0,1,1,0,1,1,1,1,1,1,0,0,1,1,26
4,3,0,1,1,1,1,0,1,1,1,1,0,1,0,1,1,1,1,0,1,1,1,1,0,0,1,1,1,1,1,0,0,1,1,24
4,4,0,1,1,0,1,0,1,1,0,1,1,1,1,1,1,1,1,0,1,1,1,1,1,0,1,1,1,1,1,1,0,0,1,25
4,5,1,1,0,1,0,0,1,1,1,1,0,1,1,1,1,1,1,0,1,0,1,1,0,1,0,1,1,1,1,0,0,1,1,23
5,1,0,1,1,0,1,0,1,1,1,1,1,1,0,1,1,1,1,0,1,0,1,1,0,0,0,1,1,1,1,1,0,1,1,23
5,2,1,1,0,1,1,0,1,1,1,1,1,1,1,1,1,1,1,1,1,0,1,1,0,1,1,1,1,1,1,0,0,1,1,27
5,3,0,1,1,1,1,0,1,1,1,1,0,1,0,1,1,1,1,1,1,1,1,1,0,0,1,1,1,1,1,0,0,1,1,25
5,4,0,1,1,0,1,0,1,1,1,1,1,1,1,1,1,1,1,1,1,1,1,1,1,0,1,1,1,1,1,1,0,0,1,27
5,5,1,1,0,1,0,0,1,1,1,1,0,1,1,1,1,1,1,0,1,0,1,1,0,1,0,1,1,1,1,0,0,1,1,23
6,1,0,1,1,0,1,0,1,0,0,1,1,1,0,1,1,1,1,0,1,0,1,1,0,0,0,1,1,1,1,1,0,1,0,20
6,2,1,1,0,1,1,0,1,1,1,1,1,1,1,1,1,1,1,1,1,0,1,1,0,1,1,1,1,0,1,0,0,1,1,26
6,3,0,1,1,1,1,0,1,1,1,0,0,1,0,1,1,1,1,1,1,1,1,1,0,0,1,1,1,1,1,0,0,1,1,24
6,4,0,1,1,0,1,0,1,1,0,0,1,1,1,1,1,1,1,1,1,1,1,1,1,0,1,1,1,1,1,0,0,0,1,24
6,5,1,1,0,1,0,0,0,1,1,1,0,1,1,1,1,1,1,0,1,0,1,1,0,1,0,1,1,1,0,0,0,1,1,21
7,1,0,1,1,0,1,0,1,1,0,1,1,1,0,1,1,1,1,0,1,0,1,1,0,0,0,1,1,1,1,1,0,1,1,22
7,2,1,1,0,1,1,0,1,1,1,1,1,1,1,1,1,1,1,0,1,0,1,1,0,1,1,1,1,0,1,0,0,1,1,25
7,3,0,1,1,1,1,0,1,1,1,1,1,1,0,1,1,1,1,0,1,1,1,1,0,0,1,1,1,1,1,0,0,1,1,25
7,4,0,1,1,0,1,0,1,1,0,1,1,1,1,1,1,1,1,1,1,1,1,1,1,0,1,1,1,1,1,1,0,0,1,26
7,5,1,1,0,1,0,0,1,1,1,1,0,0,1,1,1,1,1,0,1,0,1,1,0,1,0,1,1,1,1,0,0,1,1,22
8,1,0,1,1,0,1,0,1,1,1,1,1,1,0,1,1,1,0,1,1,0,1,1,0,0,1,1,1,1,1,1,0,1,1,24
8,2,1,1,1,1,1,0,1,1,1,1,1,1,1,1,1,1,0,1,1,1,1,1,0,1,1,1,1,1,1,0,0,1,1,28
8,3,0,1,1,1,1,0,1,1,1,1,0,1,0,1,1,1,0,1,1,1,1,1,0,0,1,1,1,1,1,0,0,1,1,24
8,4,0,1,1,0,1,0,1,1,1,1,1,1,1,1,1,1,0,1,1,1,1,1,1,0,1,1,1,1,1,1,0,0,1,26
8,5,1,1,1,1,0,0,1,1,1,1,0,1,1,1,1,1,0,1,1,0,1,1,0,1,1,1,1,1,1,0,0,1,1,25
9,1,0,1,1,0,1,1,1,0,1,1,1,1,1,1,1,1,1,1,1,0,1,1,0,0,0,1,1,1,1,1,0,0,1,24
9,2,1,1,1,1,1,1,1,1,1,1,1,1,1,1,1,1,1,1,1,1,1,1,1,1,1,1,1,1,1,0,0,1,1,31
9,3,0,1,1,1,1,1,1,1,1,1,0,1,0,1,1,1,1,1,1,1,1,1,0,0,1,1,1,1,1,0,0,1,1,26
9,4,0,1,1,0,1,1,1,1,1,1,1,1,0,1,1,1,1,1,1,1,1,1,1,0,1,1,1,1,1,1,0,0,1,27
9,5,1,1,1,1,0,1,1,1,1,1,0,1,1,1,1,1,1,1,1,1,1,1,0,1,0,1,1,1,1,0,0,1,0,26
10,1,0,1,1,0,1,0,1,1,0,1,1,1,0,1,1,1,1,1,1,0,1,1,0,0,0,1,1,1,1,1,0,1,1,23
10,2,1,1,0,1,1,0,1,1,1,1,1,1,1,1,1,1,1,1,1,0,1,1,0,1,1,1,1,0,1,0,0,1,1,26
10,3,0,1,1,1,1,0,1,1,1,1,0,1,0,1,1,1,1,1,1,0,1,1,0,0,0,1,1,1,1,0,0,1,1,23
10,4,0,1,1,0,1,0,1,1,0,1,1,1,1,1,1,1,1,1,1,1,1,1,1,0,1,1,1,1,1,1,0,0,1,26
10,5,1,1,0,1,0,0,1,1,1,1,0,1,1,1,1,1,1,1,1,0,1,1,0,1,0,1,1,1,1,0,0,1,1,24
11,1,0,1,1,0,1,0,1,1,0,1,1,1,1,1,1,1,1,0,1,0,1,1,0,0,0,1,1,1,1,1,0,1,1,23
11,2,1,1,0,1,1,0,1,1,1,1,1,1,1,1,1,1,1,1,1,0,1,1,0,1,1,1,1,1,1,0,0,1,1,27
11,3,0,1,1,1,1,0,1,1,1,1,0,1,0,1,1,1,1,1,1,1,1,1,0,0,1,1,1,1,1,0,0,1,1,25
11,4,0,1,1,0,1,0,1,1,0,1,1,1,1,1,1,1,1,1,1,1,1,1,1,0,1,1,1,1,1,0,0,0,1,25
11,5,1,1,0,1,0,0,1,1,1,1,0,1,1,1,1,1,1,0,1,0,1,1,0,1,0,1,1,1,1,0,0,1,1,23
12,1,0,1,1,0,1,0,1,1,1,1,1,1,0,1,1,1,1,0,1,0,1,1,0,0,0,1,1,1,0,1,0,1,1,22
12,2,1,1,0,1,1,0,1,1,0,1,1,1,1,1,1,1,1,1,1,0,1,1,1,1,1,1,1,1,0,0,0,0,1,25
12,3,0,1,1,1,1,0,1,1,1,1,0,1,0,1,1,1,1,0,1,1,1,1,1,1,1,1,1,1,1,1,0,1,1,27
12,4,1,1,1,0,1,0,1,1,1,1,1,1,1,1,1,1,1,1,1,1,1,1,1,0,1,1,1,1,1,0,0,0,1,27
12,5,1,1,0,1,1,1,1,1,1,1,1,1,1,1,1,1,1,1,1,1,1,1,0,1,0,1,1,1,1,1,0,1,1,29